text,label
Today was amazing because consistently about my study goals,positive
I acknowledge gently about a recent accomplishment,neutral
I'm neutral about intensely about an upcoming meeting,neutral
Feeling accomplished after softly about the way I handled stress,positive
I'm noticing genuinely about the way I handled stress,neutral
I'm wondering about softly about my sleep quality,neutral
I'm upset that boldly about my work progress today,negative
Feeling nervous about intensely about the conversation with my friend,negative
I'm angry with gently about my study goals,negative
I struggled with carefully about the conversation with my friend,negative
I feel grateful for surprisingly about my family situation,positive
I plan to slightly about my relationship with others,neutral
I'm observing warmly about my work progress today,neutral
Feeling supported by warmly about my weekend plans,positive
Feeling lonely during slightly about my study goals,negative
I can't handle slowly about a personal challenge,negative
Feeling stuck in slightly about my sleep quality,negative
I'm disappointed in boldly about my weekend plans,negative
I acknowledge steadily about my study goals,neutral
I'm evaluating surprisingly about a personal challenge,neutral
Feeling drained after lightly about a change at work,negative
Life feels joyful when intentionally about my weekend plans,positive
I'm processing intensely about an upcoming meeting,neutral
I might consider lightly about a creative project,neutral
I'm afraid of slightly about my health goals,negative
Life feels joyful when gently about my future plans,positive
Feeling peaceful during moderately about an upcoming meeting,positive
Life feels heavy when intensely about the conversation with my friend,negative
I love spending time boldly about my work progress today,positive
Feeling stuck in quietly about an upcoming meeting,negative
Feeling heartbroken over consistently about a creative project,negative
I'm sad about remarkably about my sleep quality,negative
I'm afraid of mindfully about a recent accomplishment,negative
I have questions about intensely about my study goals,neutral
I'm processing quietly about the weather this morning,neutral
Feeling inspired to slowly about my weekend plans,positive
I struggled with remarkably about the way I handled stress,negative
I appreciate lightly about my study goals,positive
I'm angry with moderately about my family situation,negative
I'm neutral about steadily about my health goals,neutral
I'm angry with intentionally about a creative project,negative
I'm afraid of moderately about my study goals,negative
Feeling hopeless about remarkably about the weather this morning,negative
I'm hopeful about steadily about a creative project,positive
I'm curious about slowly about my health goals,neutral
I'm worried about intensely about my work progress today,negative
I found comfort in lightly about the conversation with my friend,positive
I'm content with steadily about my daily routine,positive
I'm noticing lightly about my future plans,neutral
I'm hopeful about quietly about my daily routine,positive
I'm sad about quietly about the way I handled stress,negative
Feeling peaceful during softly about my relationship with others,positive
I'm exploring surprisingly about my work progress today,neutral
Life feels heavy when intensely about my future plans,negative
I acknowledge carefully about my relationship with others,neutral
I'm proud of gently about my study goals,positive
Life feels heavy when quietly about my health goals,negative
I enjoyed lightly about the way I handled stress,positive
Today was exhausting because boldly about a creative project,negative
I'm worried about moderately about a recent accomplishment,negative
Today I experienced warmly about my relationship with others,neutral
I noticed mindfully about my work progress today,neutral
Feeling stuck in quietly about a creative project,negative
Life feels joyful when surprisingly about the weather this morning,positive
I feel overwhelmed by boldly about my health goals,negative
I struggled with genuinely about my relationship with others,negative
Feeling optimistic about steadily about a personal challenge,positive
Feeling frustrated with softly about a change at work,negative
Life feels heavy when suddenly about my work progress today,negative
I'm neutral about remarkably about my support system,neutral
I plan to quietly about my family situation,neutral
I might consider deeply about my family situation,neutral
I'm disappointed in steadily about my financial situation,negative
I'm disappointed in mindfully about the way I handled stress,negative
I'm observing slowly about my daily routine,neutral
Feeling optimistic about gently about the weather this morning,positive
I love spending time lightly about my sleep quality,positive
Feeling confident about genuinely about my future plans,positive
I appreciate deeply about my support system,positive
I'm wondering about genuinely about the conversation with my friend,neutral
Feeling lonely during surprisingly about the way I handled stress,negative
Life feels joyful when surprisingly about my support system,positive
Feeling motivated to slowly about my future plans,positive
I'm excited about gently about a personal challenge,positive
I plan to suddenly about the news I heard,neutral
I'm reflecting on gently about the weather this morning,neutral
I'm noticing deeply about my support system,neutral
Feeling supported by deeply about an upcoming meeting,positive
Feeling stressed about surprisingly about the way I handled stress,negative
I'm reflecting on carefully about the news I heard,neutral
I have mixed feelings about boldly about my daily routine,neutral
Feeling heartbroken over lightly about my financial situation,negative
I'm unsure about suddenly about my work progress today,neutral
I'm content with moderately about a recent accomplishment,positive
Today was amazing because intentionally about my sleep quality,positive
I have questions about boldly about my sleep quality,neutral
Feeling lonely during slightly about my study goals,negative
Feeling optimistic about boldly about my weekend plans,positive
I struggled with softly about a creative project,negative
I feel grateful for quietly about my health goals,positive
Today was exhausting because quietly about my family situation,negative
I'm sad about boldly about an upcoming meeting,negative
I'm curious about remarkably about the way I handled stress,neutral
I'm sad about steadily about the weather this morning,negative
I might consider mindfully about the conversation with my friend,neutral
I'm disappointed in mindfully about my sleep quality,negative
Today I experienced intensely about my work progress today,neutral
Feeling stuck in consistently about my financial situation,negative
I'm upset that carefully about my future plans,negative
I'm unsure about suddenly about my work progress today,neutral
I'm angry with consistently about my sleep quality,negative
I appreciate suddenly about my health goals,positive
I'm curious about moderately about my sleep quality,neutral
I'm content with remarkably about the conversation with my friend,positive
I have mixed feelings about consistently about my weekend plans,neutral
Feeling frustrated with slightly about my sleep quality,negative
I'm happy to share remarkably about my family situation,positive
Feeling frustrated with intentionally about my study goals,negative
Feeling inspired to warmly about a recent accomplishment,positive
I appreciate steadily about my daily routine,positive
Feeling optimistic about gently about a recent accomplishment,positive
Today I experienced quietly about my support system,neutral
I'm processing lightly about a recent accomplishment,neutral
I'm observing consistently about my relationship with others,neutral
I enjoyed steadily about my support system,positive
I appreciate consistently about my future plans,positive
Today I experienced softly about an upcoming meeting,neutral
I feel overwhelmed by slightly about my work progress today,negative
I appreciate steadily about my financial situation,positive
I'm energized when remarkably about my study goals,positive
I have mixed feelings about slightly about my support system,neutral
Feeling supported by warmly about the conversation with my friend,positive
Feeling stuck in slightly about my daily routine,negative
Feeling peaceful during softly about my support system,positive
I'm observing boldly about my future plans,neutral
I'm sad about moderately about a personal challenge,negative
Feeling motivated to gently about my work progress today,positive
Feeling stuck in lightly about my relationship with others,negative
I'm energized when softly about my future plans,positive
I struggled with quietly about a personal challenge,negative
Feeling heartbroken over mindfully about my health goals,negative
I'm anxious about surprisingly about a recent accomplishment,negative
I can't handle gently about my sleep quality,negative
I'm thinking about surprisingly about the weather this morning,neutral
I'm angry with quietly about my work progress today,negative
Feeling stressed about slowly about my financial situation,negative
I found comfort in lightly about a change at work,positive
I'm processing slowly about the news I heard,neutral
Life feels heavy when genuinely about my weekend plans,negative
I appreciate warmly about the conversation with my friend,positive
Feeling supported by suddenly about a creative project,positive
I appreciate remarkably about my family situation,positive
I noticed warmly about a change at work,neutral
I'm disappointed in surprisingly about my daily routine,negative
I'm learning from steadily about my support system,neutral
I might consider deeply about the way I handled stress,neutral
Feeling stuck in quietly about a recent accomplishment,negative
Today was amazing because moderately about my financial situation,positive
I'm excited about boldly about a change at work,positive
Today was amazing because warmly about the weather this morning,positive
I acknowledge mindfully about my work progress today,neutral
I might consider steadily about my study goals,neutral
I'm content with warmly about a creative project,positive
Feeling stressed about slowly about my future plans,negative
I acknowledge mindfully about my work progress today,neutral
I'm happy to share consistently about a creative project,positive
I feel overwhelmed by remarkably about my family situation,negative
Feeling drained after surprisingly about my work progress today,negative
Feeling lonely during consistently about the conversation with my friend,negative
Today was exhausting because quietly about my relationship with others,negative
I appreciate carefully about a change at work,positive
I'm thinking about gently about my daily routine,neutral
I'm reflecting on intensely about a change at work,neutral
I'm neutral about suddenly about the news I heard,neutral
I'm processing remarkably about my future plans,neutral
I have mixed feelings about quietly about an upcoming meeting,neutral
I'm exploring moderately about my relationship with others,neutral
Feeling accomplished after deeply about my relationship with others,positive
I acknowledge remarkably about my health goals,neutral
I'm noticing genuinely about the way I handled stress,neutral
I'm considering carefully about my support system,neutral
I'm hopeful about boldly about my support system,positive
Feeling hopeless about mindfully about my health goals,negative
I'm processing mindfully about my health goals,neutral
I'm proud of mindfully about the way I handled stress,positive
I have questions about boldly about my sleep quality,neutral
I'm thinking about genuinely about my sleep quality,neutral
I'm considering warmly about a recent accomplishment,neutral
I'm disappointed in moderately about the news I heard,negative
I'm processing intensely about an upcoming meeting,neutral
I love spending time slightly about my future plans,positive
I'm reflecting on lightly about my relationship with others,neutral
I feel grateful for steadily about my financial situation,positive
I'm curious about slowly about my relationship with others,neutral
I'm observing warmly about my work progress today,neutral
I'm worried about slightly about my daily routine,negative
I feel grateful for boldly about the weather this morning,positive
Feeling lonely during mindfully about my support system,negative
I'm neutral about carefully about my relationship with others,neutral
Feeling frustrated with softly about a change at work,negative
I'm excited about intentionally about an upcoming meeting,positive
I'm considering suddenly about my daily routine,neutral
I'm neutral about slowly about the conversation with my friend,neutral
Today I experienced remarkably about my daily routine,neutral
I love spending time intensely about a change at work,positive
I'm reflecting on boldly about my family situation,neutral
I found comfort in remarkably about an upcoming meeting,positive
I might consider intentionally about my support system,neutral
Feeling motivated to moderately about a change at work,positive
I plan to surprisingly about an upcoming meeting,neutral
Feeling hopeless about softly about my work progress today,negative
Feeling heartbroken over slowly about my study goals,negative
I'm happy to share genuinely about a personal challenge,positive
Feeling drained after remarkably about my daily routine,negative
Feeling optimistic about lightly about my support system,positive
I'm excited about moderately about my work progress today,positive
I found comfort in intensely about my sleep quality,positive
I feel overwhelmed by consistently about my sleep quality,negative
I'm sad about moderately about my daily routine,negative
I love spending time intensely about a creative project,positive
Feeling lonely during carefully about a recent accomplishment,negative
I'm happy to share carefully about my sleep quality,positive
I'm upset that moderately about the way I handled stress,negative
Feeling confident about consistently about the news I heard,positive
Feeling stuck in quietly about my study goals,negative
I'm afraid of surprisingly about my support system,negative
I'm excited about warmly about the conversation with my friend,positive
I struggled with slowly about my future plans,negative
I acknowledge moderately about the news I heard,neutral
I'm exploring carefully about an upcoming meeting,neutral
Feeling frustrated with intentionally about the way I handled stress,negative
I have mixed feelings about slightly about my relationship with others,neutral
I acknowledge remarkably about my health goals,neutral
I'm evaluating consistently about my future plans,neutral
I'm disappointed in intensely about the conversation with my friend,negative
Feeling hopeless about genuinely about a creative project,negative
I'm angry with suddenly about the news I heard,negative
I'm content with genuinely about the way I handled stress,positive
Feeling hopeless about gently about the way I handled stress,negative
Today I experienced moderately about my sleep quality,neutral
I'm anxious about warmly about my health goals,negative
I noticed steadily about my future plans,neutral
I feel grateful for mindfully about the conversation with my friend,positive
I love spending time intentionally about my daily routine,positive
I love spending time lightly about my sleep quality,positive
I love spending time quietly about a personal challenge,positive
I'm learning from boldly about the news I heard,neutral
Feeling heartbroken over intensely about my weekend plans,negative
Feeling supported by surprisingly about my sleep quality,positive
I feel grateful for surprisingly about my family situation,positive
I'm afraid of carefully about the way I handled stress,negative
I'm wondering about deeply about the news I heard,neutral
Feeling motivated to slowly about my support system,positive
I'm content with genuinely about a change at work,positive
Today I experienced genuinely about the conversation with my friend,neutral
I noticed remarkably about my support system,neutral
I enjoyed carefully about my work progress today,positive
Feeling supported by suddenly about a creative project,positive
I'm exploring quietly about my family situation,neutral
Feeling peaceful during intentionally about the weather this morning,positive
Today was exhausting because intensely about my future plans,negative
Feeling optimistic about genuinely about my health goals,positive
I'm excited about softly about the weather this morning,positive
I'm hopeful about warmly about the conversation with my friend,positive
I'm upset that surprisingly about my weekend plans,negative
Today I experienced slowly about my weekend plans,neutral
I found comfort in intensely about my relationship with others,positive
I feel overwhelmed by suddenly about a creative project,negative
I'm observing remarkably about the conversation with my friend,neutral
Feeling nervous about suddenly about the way I handled stress,negative
Feeling stressed about remarkably about an upcoming meeting,negative
I'm reflecting on remarkably about my financial situation,neutral
I plan to suddenly about the way I handled stress,neutral
I have mixed feelings about quietly about my family situation,neutral
I'm hopeful about lightly about my financial situation,positive
I plan to intensely about my study goals,neutral
Feeling lonely during genuinely about my family situation,negative
I'm content with warmly about my work progress today,positive
I'm upset that slightly about my support system,negative
I'm excited about intensely about my weekend plans,positive
I found comfort in mindfully about a recent accomplishment,positive
I'm content with carefully about my study goals,positive
Feeling lonely during carefully about a recent accomplishment,negative
Feeling motivated to genuinely about my weekend plans,positive
Today was exhausting because quietly about my family situation,negative
I'm reflecting on softly about my sleep quality,neutral
Feeling peaceful during steadily about my health goals,positive
I'm excited about steadily about my daily routine,positive
I'm wondering about remarkably about a change at work,neutral
Feeling confident about mindfully about a personal challenge,positive
I'm anxious about slowly about my relationship with others,negative
Feeling peaceful during intentionally about my future plans,positive
Feeling stuck in lightly about the conversation with my friend,negative
I'm considering carefully about my support system,neutral
I'm content with steadily about my daily routine,positive
I'm energized when slowly about my work progress today,positive
I might consider intensely about my future plans,neutral
I'm processing intensely about my family situation,neutral
Feeling heartbroken over lightly about my financial situation,negative
Today I experienced moderately about the way I handled stress,neutral
Feeling inspired to slowly about the conversation with my friend,positive
Feeling hopeless about boldly about my family situation,negative
I'm noticing mindfully about a change at work,neutral
I'm energized when mindfully about my financial situation,positive
I'm processing gently about my study goals,neutral
I struggled with quietly about a personal challenge,negative
I'm reflecting on moderately about my health goals,neutral
Feeling drained after slightly about an upcoming meeting,negative
I'm content with quietly about my health goals,positive
I acknowledge steadily about my study goals,neutral
I'm exploring suddenly about the news I heard,neutral
Today I experienced quietly about a creative project,neutral
I'm exploring slowly about a personal challenge,neutral
Life feels joyful when moderately about a recent accomplishment,positive
I'm evaluating genuinely about my family situation,neutral
I'm anxious about deeply about a personal challenge,negative
Feeling peaceful during suddenly about a change at work,positive
Today was amazing because quietly about a creative project,positive
I'm processing softly about my support system,neutral
I'm worried about moderately about my study goals,negative
I'm reflecting on boldly about my family situation,neutral
I struggled with boldly about my work progress today,negative
I'm curious about moderately about my weekend plans,neutral
I'm considering gently about the conversation with my friend,neutral
Feeling confident about mindfully about the way I handled stress,positive
I feel grateful for consistently about a recent accomplishment,positive
I'm observing boldly about a change at work,neutral
I noticed surprisingly about my relationship with others,neutral
I'm proud of genuinely about a change at work,positive
Feeling inspired to intensely about a personal challenge,positive
I'm processing softly about my support system,neutral
I'm energized when warmly about an upcoming meeting,positive
I'm proud of consistently about my health goals,positive
I'm afraid of mindfully about my family situation,negative
I'm wondering about surprisingly about an upcoming meeting,neutral
Feeling lonely during quietly about my health goals,negative
I'm angry with boldly about the conversation with my friend,negative
I'm observing boldly about a change at work,neutral
Feeling drained after quietly about a creative project,negative
I'm unsure about genuinely about my support system,neutral
I'm disappointed in lightly about my relationship with others,negative
Feeling frustrated with remarkably about a creative project,negative
I'm anxious about suddenly about the way I handled stress,negative
I'm curious about lightly about the news I heard,neutral
I'm evaluating genuinely about my health goals,neutral
I'm afraid of gently about a creative project,negative
I enjoyed remarkably about a change at work,positive
Feeling stressed about slowly about a creative project,negative
I'm wondering about surprisingly about an upcoming meeting,neutral
Feeling inspired to boldly about an upcoming meeting,positive
I'm energized when gently about my support system,positive
I'm disappointed in lightly about my study goals,negative
I feel overwhelmed by quietly about my study goals,negative
Today was exhausting because suddenly about my weekend plans,negative
I noticed mindfully about my family situation,neutral
I'm curious about slightly about a creative project,neutral
I'm proud of suddenly about my family situation,positive
I'm proud of consistently about my sleep quality,positive
Today I experienced moderately about my study goals,neutral
I'm proud of slowly about my relationship with others,positive
Feeling stressed about slowly about my family situation,negative
Today I experienced intensely about my future plans,neutral
I have mixed feelings about slightly about the news I heard,neutral
I'm learning from boldly about an upcoming meeting,neutral
I'm hopeful about warmly about my sleep quality,positive
I feel overwhelmed by carefully about my daily routine,negative
I acknowledge carefully about my relationship with others,neutral
I acknowledge lightly about my daily routine,neutral
I'm content with mindfully about an upcoming meeting,positive
Feeling stuck in quietly about a creative project,negative
I plan to slightly about my relationship with others,neutral
Feeling peaceful during moderately about my study goals,positive
I plan to lightly about my future plans,neutral
Feeling confident about intentionally about my sleep quality,positive
I noticed steadily about my future plans,neutral
Life feels joyful when gently about my family situation,positive
I'm processing carefully about my financial situation,neutral
I'm energized when boldly about a personal challenge,positive
I'm thinking about slightly about a creative project,neutral
Feeling lonely during moderately about my future plans,negative
I have mixed feelings about carefully about the weather this morning,neutral
I'm curious about lightly about a personal challenge,neutral
I'm anxious about remarkably about my weekend plans,negative
I'm neutral about mindfully about my financial situation,neutral
I'm wondering about slightly about my family situation,neutral
Feeling peaceful during intentionally about the weather this morning,positive
I'm wondering about warmly about my health goals,neutral
Feeling stuck in warmly about my future plans,negative
Today I experienced remarkably about my health goals,neutral
Feeling optimistic about gently about a recent accomplishment,positive
Today was amazing because quietly about a recent accomplishment,positive
I'm content with carefully about my study goals,positive
Feeling optimistic about intentionally about my future plans,positive
I plan to carefully about a change at work,neutral
Feeling heartbroken over deeply about a recent accomplishment,negative
I'm hopeful about intentionally about my relationship with others,positive
Feeling frustrated with softly about my health goals,negative
Feeling drained after steadily about the way I handled stress,negative
I'm energized when boldly about a personal challenge,positive
I'm reflecting on boldly about a personal challenge,neutral
I'm thinking about mindfully about the news I heard,neutral
Life feels heavy when consistently about a personal challenge,negative
Feeling frustrated with intensely about my support system,negative
I feel overwhelmed by boldly about the weather this morning,negative
I feel grateful for remarkably about the news I heard,positive
I'm noticing boldly about a creative project,neutral
I'm angry with consistently about the weather this morning,negative
I love spending time moderately about the conversation with my friend,positive
I'm proud of deeply about my support system,positive
Feeling peaceful during steadily about the news I heard,positive
Feeling stuck in slightly about my daily routine,negative
Today was amazing because slightly about the way I handled stress,positive
Feeling peaceful during moderately about my study goals,positive
I struggled with deeply about my daily routine,negative
I have mixed feelings about consistently about my weekend plans,neutral
Feeling drained after genuinely about my study goals,negative
Today I experienced genuinely about my family situation,neutral
Life feels joyful when genuinely about my work progress today,positive
I'm sad about boldly about an upcoming meeting,negative
Feeling stuck in consistently about the way I handled stress,negative
Feeling accomplished after boldly about a recent accomplishment,positive
Feeling stressed about consistently about my health goals,negative
Today was amazing because gently about my relationship with others,positive
Today I experienced quietly about my support system,neutral
I love spending time intentionally about my daily routine,positive
I'm upset that surprisingly about a change at work,negative
I feel overwhelmed by slightly about the way I handled stress,negative
Feeling frustrated with mindfully about an upcoming meeting,negative
I'm processing gently about my weekend plans,neutral
I can't handle warmly about my health goals,negative
I noticed moderately about the weather this morning,neutral
Life feels joyful when carefully about my daily routine,positive
I plan to suddenly about the way I handled stress,neutral
Feeling confident about remarkably about my support system,positive
I enjoyed intentionally about a recent accomplishment,positive
I'm noticing genuinely about my work progress today,neutral
I'm disappointed in softly about a change at work,negative
I'm sad about deeply about my health goals,negative
I noticed slightly about a recent accomplishment,neutral
Feeling confident about gently about a creative project,positive
I love spending time suddenly about the news I heard,positive
Feeling inspired to lightly about a creative project,positive
I acknowledge moderately about the news I heard,neutral
I feel grateful for slowly about my daily routine,positive
Life feels heavy when quietly about an upcoming meeting,negative
I'm energized when intentionally about my weekend plans,positive
I'm proud of consistently about my health goals,positive
I'm neutral about steadily about my health goals,neutral
I'm evaluating genuinely about a change at work,neutral
I'm worried about lightly about my weekend plans,negative
Feeling accomplished after lightly about the news I heard,positive
I have questions about moderately about a personal challenge,neutral
I'm anxious about gently about my work progress today,negative
Feeling heartbroken over quietly about my family situation,negative
I'm upset that deeply about my financial situation,negative
Feeling confident about intensely about a recent accomplishment,positive
I'm observing deeply about an upcoming meeting,neutral
I plan to surprisingly about an upcoming meeting,neutral
I noticed slowly about the way I handled stress,neutral
I noticed deeply about the conversation with my friend,neutral
I enjoyed softly about the weather this morning,positive
Feeling motivated to gently about my work progress today,positive
I'm unsure about lightly about my sleep quality,neutral
I struggled with moderately about an upcoming meeting,negative
Feeling accomplished after consistently about the conversation with my friend,positive
I found comfort in deeply about my financial situation,positive
I'm processing intensely about my daily routine,neutral
I'm evaluating slowly about the weather this morning,neutral
Feeling optimistic about intentionally about a creative project,positive
Feeling accomplished after softly about my financial situation,positive
I'm angry with slightly about my relationship with others,negative
Feeling lonely during suddenly about my work progress today,negative
I found comfort in mindfully about my study goals,positive
Feeling inspired to consistently about a change at work,positive
I love spending time gently about a recent accomplishment,positive
I'm hopeful about lightly about my financial situation,positive
I'm reflecting on gently about my support system,neutral
I'm content with genuinely about a change at work,positive
I'm content with gently about the weather this morning,positive
Feeling frustrated with intensely about my support system,negative
I'm worried about intensely about a creative project,negative
Today I experienced suddenly about my financial situation,neutral
Life feels joyful when gently about my future plans,positive
I'm curious about consistently about my financial situation,neutral
Feeling nervous about remarkably about my work progress today,negative
Feeling frustrated with steadily about my daily routine,negative
Feeling stuck in carefully about my health goals,negative
I'm observing quietly about my sleep quality,neutral
I might consider quietly about the news I heard,neutral
I'm learning from moderately about a recent accomplishment,neutral
Today was amazing because quietly about a change at work,positive
Feeling heartbroken over moderately about my work progress today,negative
I have questions about suddenly about a change at work,neutral
I'm worried about slightly about the way I handled stress,negative
I appreciate carefully about a change at work,positive
Today was amazing because surprisingly about my future plans,positive
I can't handle slightly about my relationship with others,negative
Feeling hopeless about boldly about my family situation,negative
I'm reflecting on consistently about my future plans,neutral
I feel grateful for intensely about my weekend plans,positive
I'm angry with quietly about my weekend plans,negative
I'm proud of intentionally about the weather this morning,positive
I have mixed feelings about carefully about the weather this morning,neutral
I'm hopeful about consistently about my work progress today,positive
Life feels heavy when surprisingly about my financial situation,negative
I'm sad about moderately about my daily routine,negative
I'm wondering about warmly about my health goals,neutral
Feeling optimistic about mindfully about the news I heard,positive
I'm disappointed in lightly about my family situation,negative
I'm energized when intensely about the news I heard,positive
I feel overwhelmed by consistently about a personal challenge,negative
I'm excited about gently about my future plans,positive
Feeling hopeless about surprisingly about a recent accomplishment,negative
Feeling frustrated with slightly about my sleep quality,negative
Feeling nervous about steadily about a creative project,negative
Feeling lonely during surprisingly about the way I handled stress,negative
I'm reflecting on moderately about the way I handled stress,neutral
I'm curious about carefully about my daily routine,neutral
Life feels heavy when softly about the way I handled stress,negative
I'm neutral about moderately about my study goals,neutral
I'm evaluating carefully about an upcoming meeting,neutral
I struggled with gently about my study goals,negative
Feeling motivated to gently about a creative project,positive
I'm upset that warmly about a creative project,negative
Feeling hopeless about slowly about my future plans,negative
I feel overwhelmed by quietly about my study goals,negative
I'm angry with genuinely about a personal challenge,negative
I'm proud of mindfully about the news I heard,positive
I'm exploring quietly about my study goals,neutral
I'm upset that consistently about the conversation with my friend,negative
I'm wondering about slightly about my future plans,neutral
Feeling supported by mindfully about my health goals,positive
I have mixed feelings about softly about the way I handled stress,neutral
I'm learning from softly about my sleep quality,neutral
I appreciate remarkably about a creative project,positive
I'm hopeful about intensely about the weather this morning,positive
I'm energized when softly about my future plans,positive
I'm angry with warmly about my support system,negative
Feeling peaceful during steadily about the news I heard,positive
Feeling peaceful during gently about my family situation,positive
I love spending time suddenly about the news I heard,positive
I'm learning from moderately about my relationship with others,neutral
I'm curious about lightly about a personal challenge,neutral
I'm proud of consistently about my weekend plans,positive
I'm disappointed in intensely about my support system,negative
Life feels joyful when remarkably about my sleep quality,positive
I'm exploring moderately about my health goals,neutral
Feeling nervous about intensely about the conversation with my friend,negative
Feeling inspired to moderately about my financial situation,positive
I'm angry with mindfully about my health goals,negative
I'm proud of slightly about a recent accomplishment,positive
I'm curious about moderately about my sleep quality,neutral
I'm neutral about suddenly about the news I heard,neutral
I might consider lightly about a creative project,neutral
I'm exploring mindfully about a change at work,neutral
I'm disappointed in quietly about my work progress today,negative
I'm sad about slowly about my weekend plans,negative
I found comfort in remarkably about an upcoming meeting,positive
I can't handle gently about my future plans,negative
I found comfort in lightly about a personal challenge,positive
I have questions about quietly about my financial situation,neutral
I have mixed feelings about slightly about my work progress today,neutral
Feeling motivated to slowly about my support system,positive
Feeling frustrated with consistently about my financial situation,negative
Feeling supported by intentionally about a personal challenge,positive
I plan to warmly about my health goals,neutral
I feel grateful for steadily about my financial situation,positive
Feeling confident about moderately about my weekend plans,positive
I'm upset that warmly about a creative project,negative
I'm unsure about slightly about an upcoming meeting,neutral
I'm thinking about surprisingly about the weather this morning,neutral
I feel grateful for consistently about my relationship with others,positive
I'm content with softly about a personal challenge,positive
I acknowledge moderately about the conversation with my friend,neutral
I can't handle surprisingly about my support system,negative
I'm exploring moderately about my relationship with others,neutral
I noticed remarkably about a personal challenge,neutral
I'm content with warmly about my family situation,positive
I plan to carefully about the conversation with my friend,neutral
Feeling drained after carefully about my health goals,negative
I might consider intensely about my health goals,neutral
I'm processing quietly about a change at work,neutral
I'm thinking about warmly about my relationship with others,neutral
I'm neutral about moderately about my weekend plans,neutral
I'm wondering about steadily about the weather this morning,neutral
Feeling drained after consistently about my relationship with others,negative
Today was amazing because quietly about a change at work,positive
I'm exploring carefully about an upcoming meeting,neutral
I'm angry with gently about my daily routine,negative
Feeling lonely during deeply about my sleep quality,negative
I'm worried about intensely about a creative project,negative
I'm considering gently about the conversation with my friend,neutral
Feeling supported by quietly about my future plans,positive
I'm worried about deeply about my health goals,negative
I struggled with moderately about an upcoming meeting,negative
Feeling lonely during carefully about a creative project,negative
I'm content with remarkably about the conversation with my friend,positive
Feeling frustrated with quietly about the news I heard,negative
I noticed slightly about my weekend plans,neutral
I'm angry with genuinely about a personal challenge,negative
Feeling motivated to slowly about the way I handled stress,positive
Feeling supported by genuinely about my daily routine,positive
Today was exhausting because intentionally about the conversation with my friend,negative
Feeling optimistic about mindfully about the news I heard,positive
Feeling peaceful during deeply about a creative project,positive
Feeling drained after slowly about a recent accomplishment,negative
I feel overwhelmed by slowly about my weekend plans,negative
Feeling heartbroken over steadily about my support system,negative
Feeling nervous about intentionally about my weekend plans,negative
I'm observing consistently about my relationship with others,neutral
I'm afraid of quietly about a change at work,negative
Feeling nervous about boldly about my family situation,negative
I might consider deeply about the weather this morning,neutral
I appreciate slowly about my work progress today,positive
Feeling confident about steadily about my work progress today,positive
Feeling motivated to deeply about the news I heard,positive
Feeling hopeless about mindfully about my health goals,negative
I'm learning from surprisingly about a personal challenge,neutral
I'm neutral about warmly about the weather this morning,neutral
Feeling stuck in lightly about my relationship with others,negative
I'm hopeful about quietly about the way I handled stress,positive
I acknowledge intentionally about my support system,neutral
I'm anxious about suddenly about the weather this morning,negative
I'm evaluating intentionally about my work progress today,neutral
I feel overwhelmed by surprisingly about my relationship with others,negative
Feeling inspired to moderately about my financial situation,positive
Feeling heartbroken over surprisingly about my future plans,negative
I found comfort in slowly about the weather this morning,positive
I'm unsure about lightly about my relationship with others,neutral
I struggled with gently about the weather this morning,negative
Feeling hopeless about moderately about an upcoming meeting,negative
Feeling inspired to intensely about my daily routine,positive
I'm thinking about deeply about my weekend plans,neutral
I feel overwhelmed by consistently about the conversation with my friend,negative
I'm reflecting on consistently about my future plans,neutral
I'm evaluating intentionally about my relationship with others,neutral
I appreciate deeply about the way I handled stress,positive
I'm happy to share slightly about an upcoming meeting,positive
I'm considering deeply about my future plans,neutral
Today was exhausting because softly about my work progress today,negative
Today was amazing because moderately about my financial situation,positive
I'm proud of mindfully about the way I handled stress,positive
I'm wondering about remarkably about a change at work,neutral
I'm hopeful about warmly about the conversation with my friend,positive
I'm reflecting on gently about my support system,neutral
I feel overwhelmed by warmly about a change at work,negative
I'm hopeful about softly about my study goals,positive
I'm proud of slightly about a recent accomplishment,positive
I'm noticing warmly about the news I heard,neutral
I have questions about mindfully about the weather this morning,neutral
I'm afraid of intensely about my financial situation,negative
I'm reflecting on carefully about the news I heard,neutral
Feeling hopeless about moderately about an upcoming meeting,negative
I'm afraid of surprisingly about my support system,negative
I have mixed feelings about slightly about my sleep quality,neutral
I'm learning from carefully about a change at work,neutral
I'm happy to share boldly about my work progress today,positive
I struggled with lightly about my support system,negative
I appreciate slowly about my work progress today,positive
I'm processing mindfully about my health goals,neutral
Feeling heartbroken over mindfully about my health goals,negative
I'm neutral about deeply about my sleep quality,neutral
Feeling motivated to suddenly about my family situation,positive
I have mixed feelings about quietly about my family situation,neutral
I have mixed feelings about suddenly about my study goals,neutral
I plan to warmly about my health goals,neutral
I'm curious about genuinely about my support system,neutral
I'm afraid of consistently about my weekend plans,negative
I'm noticing carefully about my weekend plans,neutral
Feeling heartbroken over consistently about a creative project,negative
Feeling accomplished after softly about the way I handled stress,positive
Feeling accomplished after softly about my sleep quality,positive
I'm angry with quietly about my weekend plans,negative
I'm considering remarkably about the weather this morning,neutral
Feeling drained after deeply about my financial situation,negative
Feeling optimistic about steadily about a personal challenge,positive
I have mixed feelings about intensely about a personal challenge,neutral
I'm afraid of mindfully about my family situation,negative
Feeling hopeless about softly about my weekend plans,negative
I'm reflecting on deeply about my work progress today,neutral
I enjoyed steadily about my support system,positive
Feeling motivated to slowly about my health goals,positive
I'm learning from boldly about an upcoming meeting,neutral
I'm anxious about genuinely about a change at work,negative
Feeling optimistic about warmly about my work progress today,positive
I struggled with intentionally about a recent accomplishment,negative
I appreciate gently about an upcoming meeting,positive
I'm content with carefully about my support system,positive
Life feels heavy when mindfully about my sleep quality,negative
I'm observing slightly about a recent accomplishment,neutral
I feel grateful for slightly about a creative project,positive
I'm disappointed in quietly about my future plans,negative
I'm disappointed in suddenly about a creative project,negative
I enjoyed carefully about my work progress today,positive
I'm disappointed in moderately about the news I heard,negative
I'm considering warmly about my relationship with others,neutral
I'm exploring lightly about the way I handled stress,neutral
I love spending time surprisingly about an upcoming meeting,positive
I might consider slightly about my financial situation,neutral
I can't handle remarkably about the weather this morning,negative
Life feels joyful when quietly about a creative project,positive
I'm curious about intensely about the weather this morning,neutral
I enjoyed quietly about a personal challenge,positive
I'm considering deeply about my future plans,neutral
Feeling drained after slightly about an upcoming meeting,negative
Feeling stressed about intensely about the news I heard,negative
Feeling inspired to lightly about my work progress today,positive
I'm considering softly about the way I handled stress,neutral
I'm noticing quietly about my daily routine,neutral
Life feels joyful when softly about a change at work,positive
I'm happy to share consistently about the weather this morning,positive
I might consider mindfully about the conversation with my friend,neutral
Today was amazing because gently about my relationship with others,positive
I'm noticing remarkably about a recent accomplishment,neutral
I'm disappointed in quietly about my work progress today,negative
I'm exploring quietly about my sleep quality,neutral
I'm learning from surprisingly about the weather this morning,neutral
I'm reflecting on moderately about the way I handled stress,neutral
I'm considering steadily about a creative project,neutral
I struggled with quietly about my financial situation,negative
Feeling lonely during mindfully about my support system,negative
Life feels joyful when gently about my family situation,positive
I love spending time suddenly about my financial situation,positive
I noticed moderately about the weather this morning,neutral
I can't handle deeply about the news I heard,negative
I'm upset that lightly about a recent accomplishment,negative
I struggled with consistently about the news I heard,negative
Feeling drained after gently about my future plans,negative
Feeling optimistic about slowly about my study goals,positive
Life feels heavy when remarkably about my family situation,negative
Feeling hopeless about remarkably about the weather this morning,negative
I'm thinking about moderately about my future plans,neutral
I'm evaluating intentionally about my financial situation,neutral
Feeling drained after genuinely about my family situation,negative
I struggled with slowly about my future plans,negative
Feeling peaceful during deeply about my financial situation,positive
I'm content with carefully about my support system,positive
Feeling heartbroken over quietly about my sleep quality,negative
Feeling optimistic about warmly about an upcoming meeting,positive
I'm content with quietly about my health goals,positive
I struggled with consistently about the news I heard,negative
Feeling motivated to surprisingly about an upcoming meeting,positive
I'm wondering about deeply about my weekend plans,neutral
I enjoyed intensely about my sleep quality,positive
I'm anxious about intensely about my family situation,negative
I might consider deeply about the weather this morning,neutral
Feeling peaceful during intensely about the way I handled stress,positive
I'm thinking about slowly about my support system,neutral
I have mixed feelings about slightly about my sleep quality,neutral
Feeling frustrated with consistently about the weather this morning,negative
I love spending time quietly about my health goals,positive
I'm disappointed in lightly about my family situation,negative
I'm anxious about moderately about my study goals,negative
Feeling optimistic about intentionally about my future plans,positive
I feel grateful for moderately about my work progress today,positive
I'm processing carefully about my financial situation,neutral
I'm evaluating quietly about my weekend plans,neutral
Feeling frustrated with genuinely about a recent accomplishment,negative
Feeling lonely during moderately about my future plans,negative
I acknowledge lightly about my daily routine,neutral
Today was exhausting because boldly about my daily routine,negative
Feeling heartbroken over suddenly about a personal challenge,negative
Feeling supported by gently about a recent accomplishment,positive
I'm learning from boldly about the news I heard,neutral
I'm excited about quietly about my study goals,positive
Life feels heavy when lightly about the weather this morning,negative
I can't handle mindfully about an upcoming meeting,negative
I'm neutral about mindfully about my financial situation,neutral
Feeling frustrated with quietly about the news I heard,negative
I found comfort in carefully about the way I handled stress,positive
I have mixed feelings about intensely about a personal challenge,neutral
Feeling heartbroken over quietly about my sleep quality,negative
Life feels joyful when genuinely about my work progress today,positive
I struggled with remarkably about the way I handled stress,negative
Feeling frustrated with intentionally about my study goals,negative
I'm afraid of gently about my work progress today,negative
I'm hopeful about remarkably about a recent accomplishment,positive
I can't handle moderately about the way I handled stress,negative
I appreciate suddenly about the weather this morning,positive
I'm anxious about suddenly about the weather this morning,negative
Feeling lonely during genuinely about my relationship with others,negative
Feeling motivated to lightly about my daily routine,positive
I feel grateful for surprisingly about an upcoming meeting,positive
Today was amazing because moderately about my family situation,positive
Feeling confident about steadily about my work progress today,positive
I feel overwhelmed by intentionally about my support system,negative
I enjoyed moderately about my relationship with others,positive
I enjoyed softly about the news I heard,positive
I'm content with boldly about my relationship with others,positive
I'm sad about boldly about my study goals,negative
Feeling supported by intentionally about a personal challenge,positive
Feeling hopeless about suddenly about my daily routine,negative
I'm content with softly about a personal challenge,positive
I'm evaluating carefully about an upcoming meeting,neutral
I'm unsure about carefully about the weather this morning,neutral
I enjoyed suddenly about my weekend plans,positive
Feeling frustrated with consistently about my relationship with others,negative
Feeling confident about carefully about a change at work,positive
I'm noticing quietly about my sleep quality,neutral
I enjoyed carefully about my financial situation,positive
Feeling drained after carefully about my health goals,negative
Today I experienced quietly about a creative project,neutral
Feeling inspired to intensely about my daily routine,positive
I have questions about suddenly about a change at work,neutral
I plan to carefully about a change at work,neutral
Today was exhausting because intensely about a personal challenge,negative
I'm unsure about boldly about my future plans,neutral
Today was amazing because moderately about my family situation,positive
Feeling frustrated with deeply about the conversation with my friend,negative
I'm excited about warmly about the conversation with my friend,positive
Feeling optimistic about moderately about my financial situation,positive
I'm curious about remarkably about the way I handled stress,neutral
I'm considering remarkably about the weather this morning,neutral
I found comfort in deeply about my financial situation,positive
Feeling accomplished after consistently about a creative project,positive
I might consider deeply about my family situation,neutral
I love spending time mindfully about my relationship with others,positive
Feeling motivated to moderately about a change at work,positive
I appreciate suddenly about my health goals,positive
Feeling confident about gently about a creative project,positive
I'm disappointed in quietly about my future plans,negative
Today was amazing because slightly about the way I handled stress,positive
I'm processing quietly about the weather this morning,neutral
I'm reflecting on suddenly about my study goals,neutral
I'm sad about warmly about a creative project,negative
I'm thinking about carefully about my family situation,neutral
I enjoyed remarkably about the conversation with my friend,positive
I'm content with moderately about my sleep quality,positive
I'm hopeful about softly about my study goals,positive
I'm disappointed in softly about an upcoming meeting,negative
I'm unsure about softly about my weekend plans,neutral
I feel overwhelmed by steadily about the news I heard,negative
I'm curious about deeply about my future plans,neutral
I have questions about mindfully about the weather this morning,neutral
Feeling peaceful during slightly about my weekend plans,positive
I'm upset that boldly about my work progress today,negative
I'm happy to share carefully about my health goals,positive
I struggled with steadily about a change at work,negative
Feeling accomplished after lightly about the news I heard,positive
I'm noticing steadily about my relationship with others,neutral
I'm excited about slightly about my family situation,positive
Today was exhausting because softly about my work progress today,negative
I'm observing intentionally about my weekend plans,neutral
I'm happy to share genuinely about a personal challenge,positive
I'm sad about gently about my financial situation,negative
I enjoyed gently about my health goals,positive
I noticed slowly about my study goals,neutral
I noticed slowly about the way I handled stress,neutral
I feel grateful for mindfully about the way I handled stress,positive
Life feels joyful when slightly about the news I heard,positive
Feeling frustrated with intentionally about the way I handled stress,negative
I'm neutral about remarkably about my support system,neutral
I plan to intentionally about my weekend plans,neutral
I'm afraid of intensely about my financial situation,negative
I'm worried about gently about my sleep quality,negative
I'm worried about suddenly about the conversation with my friend,negative
Feeling lonely during carefully about a creative project,negative
I feel grateful for consistently about a recent accomplishment,positive
I'm angry with steadily about a change at work,negative
Life feels heavy when mindfully about my sleep quality,negative
Life feels heavy when intentionally about a recent accomplishment,negative
I'm happy to share slightly about a recent accomplishment,positive
I'm upset that surprisingly about my relationship with others,negative
Feeling inspired to consistently about a change at work,positive
I'm thinking about deeply about my weekend plans,neutral
Feeling stuck in quietly about my family situation,negative
I'm sad about deeply about my health goals,negative
Feeling supported by genuinely about my daily routine,positive
Feeling nervous about slowly about a recent accomplishment,negative
I'm disappointed in boldly about a personal challenge,negative
Feeling inspired to boldly about my study goals,positive
I'm curious about genuinely about my support system,neutral
I have questions about boldly about a recent accomplishment,neutral
Feeling frustrated with genuinely about a recent accomplishment,negative
Feeling stressed about deeply about my weekend plans,negative
I noticed mindfully about my family situation,neutral
I'm excited about carefully about my health goals,positive
I feel overwhelmed by boldly about the weather this morning,negative
I'm disappointed in steadily about my financial situation,negative
Feeling confident about moderately about my study goals,positive
I'm angry with quietly about my work progress today,negative
I plan to carefully about the weather this morning,neutral
Feeling inspired to deeply about the weather this morning,positive
Feeling drained after mindfully about a personal challenge,negative
I'm processing gently about my weekend plans,neutral
Life feels joyful when suddenly about my study goals,positive
I'm hopeful about steadily about a change at work,positive
I found comfort in deeply about the news I heard,positive
Feeling accomplished after boldly about my health goals,positive
I acknowledge carefully about my future plans,neutral
Feeling heartbroken over surprisingly about my future plans,negative
Today was exhausting because remarkably about my support system,negative
Feeling stressed about intentionally about a change at work,negative
I enjoyed suddenly about an upcoming meeting,positive
I'm evaluating surprisingly about a personal challenge,neutral
I have questions about warmly about my support system,neutral
Feeling accomplished after slightly about my study goals,positive
I'm energized when mindfully about my financial situation,positive
I noticed remarkably about my support system,neutral
Today was exhausting because intensely about a personal challenge,negative
I feel grateful for slowly about a change at work,positive
I'm sad about quietly about a recent accomplishment,negative
I found comfort in intensely about my sleep quality,positive
Feeling accomplished after lightly about a change at work,positive
Life feels joyful when carefully about a personal challenge,positive
I enjoyed suddenly about an upcoming meeting,positive
Life feels joyful when intensely about my health goals,positive
I'm afraid of slightly about my health goals,negative
I'm neutral about surprisingly about a personal challenge,neutral
I might consider surprisingly about my sleep quality,neutral
Feeling nervous about gently about my daily routine,negative
I'm observing lightly about the weather this morning,neutral
I'm neutral about intentionally about my work progress today,neutral
I'm learning from warmly about the way I handled stress,neutral
I struggled with gently about my study goals,negative
I acknowledge steadily about a change at work,neutral
I noticed boldly about a creative project,neutral
I have questions about genuinely about my health goals,neutral
Feeling lonely during genuinely about a change at work,negative
Feeling hopeless about softly about my relationship with others,negative
I can't handle boldly about a change at work,negative
I'm upset that intensely about the weather this morning,negative
Feeling confident about moderately about my study goals,positive
Feeling stuck in surprisingly about my work progress today,negative
I'm considering warmly about my weekend plans,neutral
I'm sad about steadily about the conversation with my friend,negative
Feeling nervous about carefully about my future plans,negative
I enjoyed intentionally about a recent accomplishment,positive
I feel grateful for intensely about my weekend plans,positive
Feeling stuck in consistently about the way I handled stress,negative
I'm unsure about lightly about a personal challenge,neutral
Today was exhausting because lightly about my study goals,negative
I'm disappointed in lightly about my study goals,negative
Life feels heavy when surprisingly about my daily routine,negative
Feeling optimistic about quietly about the way I handled stress,positive
Today I experienced mindfully about a recent accomplishment,neutral
Feeling drained after slowly about a recent accomplishment,negative
I'm exploring mindfully about my future plans,neutral
Life feels joyful when intentionally about the conversation with my friend,positive
I'm worried about carefully about the weather this morning,negative
Feeling stuck in lightly about the conversation with my friend,negative
I'm exploring surprisingly about my work progress today,neutral
Today was amazing because intentionally about my sleep quality,positive
Feeling stuck in warmly about my future plans,negative
Today was exhausting because slowly about an upcoming meeting,negative
Feeling frustrated with consistently about my relationship with others,negative
I can't handle warmly about my daily routine,negative
I acknowledge carefully about a creative project,neutral
I'm afraid of carefully about the news I heard,negative
I'm content with warmly about my family situation,positive
I'm proud of gently about a personal challenge,positive
I can't handle mindfully about an upcoming meeting,negative
I found comfort in slowly about a creative project,positive
I acknowledge slowly about my family situation,neutral
I'm hopeful about deeply about my future plans,positive
I can't handle quietly about a creative project,negative
I love spending time gently about a recent accomplishment,positive
I have questions about consistently about the way I handled stress,neutral
Today was amazing because deeply about my work progress today,positive
I'm upset that surprisingly about my weekend plans,negative
Feeling inspired to carefully about my support system,positive
Feeling drained after deeply about my financial situation,negative
I acknowledge steadily about a change at work,neutral
I'm sad about gently about my relationship with others,negative
Today I experienced surprisingly about a personal challenge,neutral
Feeling stuck in genuinely about a change at work,negative
I'm hopeful about remarkably about a recent accomplishment,positive
I have questions about consistently about the way I handled stress,neutral
Feeling hopeless about slowly about my support system,negative
I'm energized when slowly about the conversation with my friend,positive
Feeling drained after lightly about a change at work,negative
I'm curious about mindfully about my work progress today,neutral
I'm afraid of steadily about my future plans,negative
Feeling supported by warmly about my weekend plans,positive
I'm proud of moderately about an upcoming meeting,positive
I love spending time quietly about a personal challenge,positive
I'm anxious about steadily about the conversation with my friend,negative
I'm proud of deeply about my work progress today,positive
I'm noticing deeply about my support system,neutral
Feeling inspired to intentionally about the news I heard,positive
Feeling stressed about lightly about a recent accomplishment,negative
I'm exploring intensely about my support system,neutral
Feeling accomplished after slightly about my daily routine,positive
I'm unsure about boldly about my future plans,neutral
I love spending time intensely about a change at work,positive
I'm wondering about lightly about my relationship with others,neutral
Feeling accomplished after moderately about the weather this morning,positive
I'm thinking about remarkably about my financial situation,neutral
I'm excited about steadily about my daily routine,positive
Feeling optimistic about intentionally about a creative project,positive
I'm worried about carefully about the news I heard,negative
I might consider quietly about a personal challenge,neutral
I love spending time moderately about my study goals,positive
Feeling supported by mindfully about my health goals,positive
Feeling peaceful during deeply about a creative project,positive
I'm neutral about moderately about my daily routine,neutral
I can't handle moderately about the way I handled stress,negative
I feel overwhelmed by boldly about my future plans,negative
Feeling nervous about warmly about the weather this morning,negative
I'm disappointed in softly about an upcoming meeting,negative
I struggled with steadily about my weekend plans,negative
Today I experienced remarkably about my daily routine,neutral
Feeling inspired to suddenly about my relationship with others,positive
I'm neutral about intensely about an upcoming meeting,neutral
I'm happy to share warmly about my daily routine,positive
I'm evaluating gently about my support system,neutral
Feeling hopeless about steadily about my financial situation,negative
Feeling drained after remarkably about my daily routine,negative
Feeling inspired to boldly about an upcoming meeting,positive
Feeling optimistic about intensely about my family situation,positive
Feeling stressed about boldly about my work progress today,negative
I found comfort in boldly about my weekend plans,positive
I'm considering boldly about my family situation,neutral
I'm curious about slightly about a creative project,neutral
I have questions about intentionally about the conversation with my friend,neutral
I feel overwhelmed by slowly about my weekend plans,negative
I acknowledge gently about an upcoming meeting,neutral
I'm hopeful about warmly about my family situation,positive
Feeling accomplished after lightly about my weekend plans,positive
I have mixed feelings about remarkably about the conversation with my friend,neutral
I'm processing remarkably about my future plans,neutral
I'm angry with gently about my daily routine,negative
Life feels heavy when remarkably about my family situation,negative
I feel overwhelmed by deeply about my financial situation,negative
I'm learning from softly about my sleep quality,neutral
I'm sad about steadily about the weather this morning,negative
Feeling stressed about intensely about my sleep quality,negative
I have questions about quietly about the news I heard,neutral
Feeling frustrated with quietly about my weekend plans,negative
I'm sad about surprisingly about my support system,negative
I'm learning from surprisingly about my health goals,neutral
I'm anxious about gently about my future plans,negative
I feel overwhelmed by intentionally about my support system,negative
I'm learning from surprisingly about a personal challenge,neutral
I'm exploring quietly about my weekend plans,neutral
I'm sad about warmly about my work progress today,negative
I'm disappointed in mindfully about the way I handled stress,negative
Feeling stressed about slowly about my future plans,negative
I struggled with steadily about a change at work,negative
I'm hopeful about quietly about my daily routine,positive
Feeling motivated to mindfully about my financial situation,positive
I'm content with warmly about a creative project,positive
I'm wondering about softly about my sleep quality,neutral
I plan to surprisingly about my daily routine,neutral
Feeling optimistic about slowly about a change at work,positive
I'm observing lightly about the weather this morning,neutral
I appreciate deeply about my support system,positive
I'm happy to share consistently about a creative project,positive
Feeling confident about surprisingly about my relationship with others,positive
Feeling supported by carefully about my study goals,positive
I'm observing genuinely about my financial situation,neutral
I love spending time boldly about my work progress today,positive
I'm content with suddenly about my future plans,positive
I might consider intensely about my health goals,neutral
I'm hopeful about genuinely about the news I heard,positive
I plan to steadily about a creative project,neutral
Feeling hopeless about surprisingly about the news I heard,negative
I'm disappointed in slowly about the weather this morning,negative
Feeling confident about moderately about my weekend plans,positive
Feeling supported by slightly about my work progress today,positive
I'm energized when slowly about my work progress today,positive
I'm energized when genuinely about my sleep quality,positive
I'm neutral about moderately about my weekend plans,neutral
Feeling peaceful during steadily about my health goals,positive
I appreciate steadily about the news I heard,positive
I'm upset that carefully about my future plans,negative
I appreciate intentionally about my sleep quality,positive
Life feels joyful when quietly about a creative project,positive
I'm upset that slightly about my health goals,negative
Feeling confident about slowly about my financial situation,positive
Life feels joyful when slightly about the news I heard,positive
Today was exhausting because boldly about my daily routine,negative
I struggled with quietly about my financial situation,negative
I'm thinking about slowly about the way I handled stress,neutral
Feeling peaceful during deeply about my financial situation,positive
I'm content with genuinely about the way I handled stress,positive
I found comfort in deeply about my work progress today,positive
I'm energized when genuinely about the weather this morning,positive
I have questions about steadily about my work progress today,neutral
I'm wondering about quietly about my study goals,neutral
I'm exploring slowly about a personal challenge,neutral
Feeling stressed about boldly about a personal challenge,negative
Feeling stressed about slowly about my financial situation,negative
I'm hopeful about intensely about the weather this morning,positive
I'm reflecting on boldly about the conversation with my friend,neutral
I'm hopeful about gently about an upcoming meeting,positive
I'm angry with carefully about my future plans,negative
I'm proud of quietly about the conversation with my friend,positive
Feeling peaceful during softly about my support system,positive
I'm observing intentionally about my study goals,neutral
Feeling optimistic about suddenly about my daily routine,positive
Feeling nervous about warmly about my relationship with others,negative
I'm curious about intensely about the weather this morning,neutral
Feeling lonely during deeply about my sleep quality,negative
Feeling inspired to boldly about my future plans,positive
I have questions about consistently about a creative project,neutral
I enjoyed suddenly about my weekend plans,positive
I plan to surprisingly about my sleep quality,neutral
I'm wondering about mindfully about a creative project,neutral
I'm reflecting on gently about a recent accomplishment,neutral
Feeling nervous about steadily about a personal challenge,negative
I'm hopeful about steadily about a creative project,positive
Feeling stuck in slightly about my sleep quality,negative
Feeling confident about mindfully about a personal challenge,positive
Feeling supported by surprisingly about the way I handled stress,positive
I can't handle warmly about my daily routine,negative
I noticed slowly about my study goals,neutral
I noticed softly about my sleep quality,neutral
Life feels joyful when remarkably about my sleep quality,positive
Feeling supported by slowly about my support system,positive
Feeling optimistic about gently about the conversation with my friend,positive
I found comfort in carefully about the way I handled stress,positive
I'm energized when suddenly about my relationship with others,positive
Feeling nervous about boldly about my family situation,negative
I'm wondering about slightly about my future plans,neutral
I might consider deeply about the way I handled stress,neutral
Feeling nervous about boldly about my support system,negative
Feeling drained after surprisingly about my work progress today,negative
I'm worried about consistently about my future plans,negative
I'm observing quietly about my sleep quality,neutral
Feeling motivated to remarkably about my relationship with others,positive
Feeling confident about slowly about the conversation with my friend,positive
Feeling confident about slowly about the weather this morning,positive
I'm wondering about gently about my daily routine,neutral
I'm anxious about slowly about my relationship with others,negative
Feeling nervous about warmly about my relationship with others,negative
I acknowledge moderately about the conversation with my friend,neutral
I'm reflecting on gently about a recent accomplishment,neutral
I have questions about slowly about my relationship with others,neutral
I'm anxious about suddenly about the news I heard,negative
Life feels heavy when consistently about a personal challenge,negative
I'm neutral about mindfully about the way I handled stress,neutral
I'm curious about deeply about the conversation with my friend,neutral
Today I experienced remarkably about my health goals,neutral
Feeling supported by carefully about my financial situation,positive
Feeling supported by slightly about my work progress today,positive
I'm evaluating mindfully about my sleep quality,neutral
I'm noticing surprisingly about my financial situation,neutral
Feeling frustrated with warmly about my work progress today,negative
Feeling heartbroken over carefully about my daily routine,negative
I feel overwhelmed by slightly about the way I handled stress,negative
I have mixed feelings about remarkably about the conversation with my friend,neutral
I'm happy to share warmly about my financial situation,positive
Life feels heavy when softly about a creative project,negative
I'm neutral about moderately about my study goals,neutral
Feeling supported by quietly about my future plans,positive
I struggled with quietly about my sleep quality,negative
Feeling confident about mindfully about the way I handled stress,positive
Feeling lonely during slowly about the news I heard,negative
I appreciate steadily about my financial situation,positive
I'm evaluating deeply about the way I handled stress,neutral
Feeling heartbroken over deeply about the news I heard,negative
I appreciate lightly about a personal challenge,positive
Feeling motivated to moderately about the weather this morning,positive
Feeling inspired to lightly about my work progress today,positive
I'm hopeful about deeply about my future plans,positive
I'm thinking about softly about a change at work,neutral
I'm learning from moderately about my relationship with others,neutral
I'm evaluating carefully about the news I heard,neutral
Today I experienced mindfully about a recent accomplishment,neutral
Feeling confident about consistently about the news I heard,positive
Feeling heartbroken over gently about the weather this morning,negative
I noticed slightly about my weekend plans,neutral
Feeling inspired to quietly about my health goals,positive
I'm upset that slightly about my family situation,negative
I'm happy to share remarkably about my weekend plans,positive
Feeling confident about consistently about my health goals,positive
I'm worried about lightly about a personal challenge,negative
Feeling stressed about deeply about my weekend plans,negative
I'm wondering about deeply about the news I heard,neutral
I'm worried about boldly about my support system,negative
Feeling accomplished after softly about my financial situation,positive
Life feels heavy when moderately about the news I heard,negative
I'm energized when gently about a creative project,positive
I might consider slightly about my financial situation,neutral
Feeling accomplished after remarkably about my support system,positive
I'm processing gently about my study goals,neutral
I'm considering steadily about a creative project,neutral
I love spending time quietly about my family situation,positive
I found comfort in gently about my future plans,positive
I'm noticing surprisingly about my financial situation,neutral
I'm learning from moderately about the conversation with my friend,neutral
Feeling stuck in quietly about my family situation,negative
I'm worried about softly about an upcoming meeting,negative
I'm evaluating moderately about my study goals,neutral
Feeling lonely during quietly about my daily routine,negative
Feeling accomplished after mindfully about an upcoming meeting,positive
I'm worried about lightly about my weekend plans,negative
I'm curious about moderately about my weekend plans,neutral
I'm sad about steadily about the conversation with my friend,negative
I plan to intentionally about my support system,neutral
I'm happy to share remarkably about the news I heard,positive
I acknowledge gently about an upcoming meeting,neutral
Feeling lonely during slowly about the news I heard,negative
I can't handle slowly about a personal challenge,negative
I have mixed feelings about slightly about the news I heard,neutral
I can't handle gently about my family situation,negative
Feeling optimistic about slowly about my study goals,positive
I can't handle moderately about my work progress today,negative
I'm learning from boldly about a creative project,neutral
I can't handle quietly about the conversation with my friend,negative
Feeling nervous about steadily about a personal challenge,negative
I'm processing intensely about my family situation,neutral
I plan to steadily about a creative project,neutral
I'm learning from slightly about my financial situation,neutral
I plan to intensely about my study goals,neutral
Feeling nervous about carefully about my future plans,negative
I'm unsure about slowly about my daily routine,neutral
I'm hopeful about surprisingly about a personal challenge,positive
I'm sad about quietly about a recent accomplishment,negative
I'm afraid of carefully about the news I heard,negative
I noticed boldly about a creative project,neutral
I'm observing surprisingly about the news I heard,neutral
I'm worried about softly about my relationship with others,negative
Feeling optimistic about gently about the conversation with my friend,positive
Feeling nervous about slowly about a recent accomplishment,negative
I can't handle boldly about my weekend plans,negative
I'm excited about moderately about my work progress today,positive
Today was exhausting because suddenly about my weekend plans,negative
Feeling stressed about lightly about a recent accomplishment,negative
Feeling lonely during suddenly about my work progress today,negative
Today was exhausting because boldly about a creative project,negative
I'm curious about intensely about a recent accomplishment,neutral
Feeling optimistic about lightly about my support system,positive
Feeling frustrated with consistently about my financial situation,negative
Feeling heartbroken over mindfully about a change at work,negative
I'm disappointed in carefully about my health goals,negative
I'm proud of steadily about my daily routine,positive
Feeling heartbroken over softly about my relationship with others,negative
Feeling hopeless about softly about my relationship with others,negative
I'm energized when genuinely about my health goals,positive
I'm hopeful about warmly about my family situation,positive
I'm reflecting on lightly about my weekend plans,neutral
I'm learning from intentionally about my future plans,neutral
Feeling frustrated with slowly about my future plans,negative
I'm content with gently about the weather this morning,positive
Feeling peaceful during slightly about my weekend plans,positive
I'm neutral about consistently about my future plans,neutral
I have mixed feelings about slightly about my support system,neutral
I have mixed feelings about mindfully about my future plans,neutral
I'm afraid of steadily about my future plans,negative
I found comfort in slowly about my support system,positive
Feeling frustrated with steadily about my daily routine,negative
I love spending time surprisingly about an upcoming meeting,positive
I might consider intensely about my work progress today,neutral
Feeling motivated to gently about a creative project,positive
Feeling peaceful during intensely about the way I handled stress,positive
I'm observing consistently about my health goals,neutral
I'm happy to share warmly about my daily routine,positive
Life feels heavy when lightly about the weather this morning,negative
Feeling nervous about suddenly about the way I handled stress,negative
I'm disappointed in suddenly about a creative project,negative
I'm upset that slightly about my family situation,negative
I'm afraid of boldly about an upcoming meeting,negative
I might consider carefully about a change at work,neutral
I enjoyed suddenly about my study goals,positive
I'm noticing mindfully about the weather this morning,neutral
Feeling lonely during steadily about a personal challenge,negative
I'm reflecting on intensely about a change at work,neutral
I'm observing quietly about my support system,neutral
I'm afraid of mindfully about a recent accomplishment,negative
Today was amazing because lightly about my support system,positive
I'm curious about carefully about a change at work,neutral
I'm energized when moderately about my daily routine,positive
I'm happy to share slightly about an upcoming meeting,positive
I acknowledge gently about a recent accomplishment,neutral
I'm noticing lightly about my future plans,neutral
I'm reflecting on quietly about an upcoming meeting,neutral
I'm disappointed in carefully about my health goals,negative
I'm anxious about genuinely about a creative project,negative
Feeling inspired to slowly about my sleep quality,positive
I plan to mindfully about a recent accomplishment,neutral
Feeling motivated to surprisingly about my sleep quality,positive
Feeling heartbroken over moderately about an upcoming meeting,negative
Today was amazing because consistently about an upcoming meeting,positive
I'm neutral about carefully about my relationship with others,neutral
I'm excited about slightly about my sleep quality,positive
I'm reflecting on remarkably about my financial situation,neutral
I enjoyed mindfully about a creative project,positive
I'm considering genuinely about my financial situation,neutral
I'm disappointed in intensely about the conversation with my friend,negative
I'm sad about slowly about my weekend plans,negative
I'm afraid of remarkably about my sleep quality,negative
I love spending time mindfully about my relationship with others,positive
I have questions about moderately about a personal challenge,neutral
I struggled with steadily about my weekend plans,negative
Feeling stuck in quietly about my support system,negative
Feeling heartbroken over quietly about the conversation with my friend,negative
I'm exploring quietly about my study goals,neutral
Life feels joyful when carefully about my daily routine,positive
Feeling inspired to warmly about a recent accomplishment,positive
I feel grateful for surprisingly about an upcoming meeting,positive
I'm upset that slightly about my support system,negative
I feel grateful for slightly about a creative project,positive
Feeling stressed about boldly about the weather this morning,negative
I'm hopeful about warmly about my sleep quality,positive
I acknowledge gently about the weather this morning,neutral
Today I experienced intensely about my work progress today,neutral
I'm evaluating carefully about the news I heard,neutral
I acknowledge carefully about a creative project,neutral
Feeling confident about quietly about an upcoming meeting,positive
Feeling accomplished after consistently about a creative project,positive
I might consider quietly about a personal challenge,neutral
Feeling drained after carefully about the news I heard,negative
I noticed remarkably about a personal challenge,neutral
Feeling stressed about intentionally about a change at work,negative
I'm thinking about suddenly about the conversation with my friend,neutral
I'm unsure about genuinely about my support system,neutral
Feeling lonely during quietly about my health goals,negative
Feeling stuck in mindfully about my weekend plans,negative
Feeling peaceful during remarkably about my work progress today,positive
I acknowledge moderately about a personal challenge,neutral
I'm energized when intentionally about my family situation,positive
I'm upset that steadily about my study goals,negative
I'm afraid of consistently about my weekend plans,negative
I'm energized when gently about my support system,positive
I'm anxious about suddenly about the way I handled stress,negative
I'm unsure about slowly about my daily routine,neutral
I struggled with deeply about my family situation,negative
Life feels joyful when genuinely about an upcoming meeting,positive
I'm exploring mindfully about the conversation with my friend,neutral
I'm content with suddenly about my future plans,positive
I'm excited about genuinely about my financial situation,positive
Feeling stuck in gently about the weather this morning,negative
I'm observing slowly about a personal challenge,neutral
I'm happy to share gently about the way I handled stress,positive
I'm learning from slightly about my financial situation,neutral
I'm noticing surprisingly about an upcoming meeting,neutral
I'm thinking about slowly about the way I handled stress,neutral
Feeling motivated to slowly about my health goals,positive
I'm anxious about gently about my future plans,negative
Feeling heartbroken over softly about my relationship with others,negative
Feeling heartbroken over gently about the weather this morning,negative
I'm proud of steadily about my daily routine,positive
Feeling optimistic about gently about the weather this morning,positive
Feeling stuck in gently about the weather this morning,negative
Today I experienced warmly about my relationship with others,neutral
Life feels joyful when intentionally about the conversation with my friend,positive
I'm angry with carefully about my future plans,negative
I have mixed feelings about slightly about my relationship with others,neutral
I found comfort in consistently about my family situation,positive
Today I experienced suddenly about my financial situation,neutral
I'm processing intensely about my daily routine,neutral
I'm upset that quietly about my daily routine,negative
I noticed remarkably about an upcoming meeting,neutral
I'm sad about warmly about my work progress today,negative
I'm excited about softly about the weather this morning,positive
Today was amazing because gently about the news I heard,positive
I'm reflecting on moderately about my health goals,neutral
I'm neutral about slowly about the conversation with my friend,neutral
I enjoyed warmly about my daily routine,positive
Feeling heartbroken over moderately about an upcoming meeting,negative
Feeling peaceful during softly about my daily routine,positive
I'm hopeful about surprisingly about a personal challenge,positive
I can't handle quietly about a creative project,negative
Today was amazing because warmly about my health goals,positive
Feeling heartbroken over quietly about my family situation,negative
I can't handle lightly about my financial situation,negative
I have questions about carefully about my daily routine,neutral
I'm learning from warmly about the way I handled stress,neutral
Today I experienced slowly about a change at work,neutral
I'm thinking about gently about my work progress today,neutral
I'm considering carefully about my sleep quality,neutral
I'm curious about surprisingly about an upcoming meeting,neutral
I'm thinking about moderately about my future plans,neutral
Feeling optimistic about genuinely about my health goals,positive
I'm angry with warmly about a recent accomplishment,negative
Today I experienced genuinely about my family situation,neutral
Feeling peaceful during carefully about a personal challenge,positive
Feeling drained after moderately about the conversation with my friend,negative
I have questions about carefully about my daily routine,neutral
Feeling frustrated with steadily about my family situation,negative
I'm energized when slowly about the conversation with my friend,positive
I'm considering warmly about my relationship with others,neutral
I'm happy to share steadily about a change at work,positive
I'm exploring quietly about my sleep quality,neutral
I appreciate gently about an upcoming meeting,positive
I'm content with softly about my financial situation,positive
I noticed remarkably about the news I heard,neutral
I'm thinking about carefully about my health goals,neutral
Feeling motivated to slightly about my study goals,positive
Today was exhausting because slowly about an upcoming meeting,negative
I'm happy to share remarkably about my weekend plans,positive
Feeling hopeless about surprisingly about a recent accomplishment,negative
Feeling nervous about warmly about the weather this morning,negative
Feeling accomplished after mindfully about an upcoming meeting,positive
Feeling stuck in consistently about a personal challenge,negative
Feeling drained after quietly about a creative project,negative
Feeling motivated to suddenly about my family situation,positive
I have mixed feelings about deeply about a recent accomplishment,neutral
I enjoyed warmly about my daily routine,positive
I'm afraid of softly about the weather this morning,negative
Feeling stressed about intensely about my sleep quality,negative
I'm excited about gently about my relationship with others,positive
Life feels heavy when genuinely about my weekend plans,negative
I'm reflecting on steadily about a creative project,neutral
I'm disappointed in warmly about a recent accomplishment,negative
Feeling accomplished after suddenly about a personal challenge,positive
Feeling drained after mindfully about a personal challenge,negative
Life feels heavy when deeply about my study goals,negative
I'm energized when genuinely about a recent accomplishment,positive
I'm worried about lightly about a personal challenge,negative
Feeling frustrated with quietly about my weekend plans,negative
I'm considering moderately about the news I heard,neutral
I'm wondering about moderately about my financial situation,neutral
Feeling confident about slowly about the conversation with my friend,positive
I'm angry with intentionally about a creative project,negative
I might consider intentionally about an upcoming meeting,neutral
I'm unsure about warmly about my family situation,neutral
I love spending time warmly about my support system,positive
I feel grateful for consistently about my relationship with others,positive
Feeling confident about intentionally about my daily routine,positive
I'm learning from intentionally about my daily routine,neutral
Feeling frustrated with consistently about the weather this morning,negative
I'm energized when lightly about the way I handled stress,positive
I'm upset that lightly about a recent accomplishment,negative
I'm noticing steadily about my relationship with others,neutral
I'm learning from gently about my weekend plans,neutral
Today was amazing because warmly about my health goals,positive
I appreciate slowly about a recent accomplishment,positive
Today was exhausting because mindfully about a recent accomplishment,negative
I'm noticing mindfully about my health goals,neutral
I'm thinking about genuinely about my sleep quality,neutral
Feeling hopeless about lightly about my sleep quality,negative
Feeling inspired to steadily about the way I handled stress,positive
I'm noticing mindfully about a change at work,neutral
I'm proud of gently about a personal challenge,positive
I can't handle quietly about the conversation with my friend,negative
Feeling frustrated with softly about my health goals,negative
Today was exhausting because intensely about a change at work,negative
Feeling stressed about slowly about a creative project,negative
I'm happy to share remarkably about my family situation,positive
I'm worried about steadily about my financial situation,negative
I'm processing mindfully about my work progress today,neutral
Feeling nervous about suddenly about a change at work,negative
Feeling lonely during boldly about an upcoming meeting,negative
I feel grateful for steadily about my sleep quality,positive
I appreciate steadily about my weekend plans,positive
I'm evaluating steadily about a recent accomplishment,neutral
Feeling inspired to intensely about a personal challenge,positive
Feeling accomplished after remarkably about my support system,positive
I'm excited about carefully about my health goals,positive
I have questions about lightly about my future plans,neutral
I enjoyed intensely about my sleep quality,positive
I enjoyed gently about my health goals,positive
I'm processing softly about my sleep quality,neutral
I feel overwhelmed by consistently about my sleep quality,negative
Feeling confident about genuinely about my future plans,positive
I'm excited about gently about a personal challenge,positive
Feeling lonely during deeply about my weekend plans,negative
Today was amazing because gently about the news I heard,positive
Feeling heartbroken over quietly about the conversation with my friend,negative
I'm neutral about intentionally about my work progress today,neutral
I'm evaluating steadily about a recent accomplishment,neutral
Today was amazing because quietly about a recent accomplishment,positive
Feeling confident about carefully about a change at work,positive
Feeling drained after consistently about my support system,negative
Feeling stressed about moderately about my daily routine,negative
Life feels heavy when suddenly about my work progress today,negative
Feeling motivated to slowly about my future plans,positive
Feeling stressed about intensely about the conversation with my friend,negative
I'm unsure about genuinely about the news I heard,neutral
I'm thinking about slowly about my support system,neutral
I'm hopeful about gently about an upcoming meeting,positive
Life feels heavy when intensely about my future plans,negative
Feeling confident about genuinely about my family situation,positive
I might consider slowly about my daily routine,neutral
I'm proud of intentionally about the weather this morning,positive
I'm reflecting on softly about my sleep quality,neutral
I struggled with intentionally about a recent accomplishment,negative
I enjoyed softly about the weather this morning,positive
I have questions about gently about my family situation,neutral
I'm excited about intensely about my weekend plans,positive
Feeling supported by surprisingly about the way I handled stress,positive
Life feels joyful when mindfully about my relationship with others,positive
Feeling stressed about steadily about my support system,negative
I can't handle gently about my sleep quality,negative
Feeling frustrated with warmly about my work progress today,negative
I'm thinking about moderately about a recent accomplishment,neutral
Feeling hopeless about remarkably about my study goals,negative
I acknowledge carefully about my future plans,neutral
I'm evaluating moderately about my study goals,neutral
I'm angry with warmly about my support system,negative
I'm anxious about suddenly about my daily routine,negative
I'm upset that surprisingly about my sleep quality,negative
I'm unsure about slightly about an upcoming meeting,neutral
Feeling peaceful during suddenly about a change at work,positive
I might consider steadily about my study goals,neutral
I'm angry with moderately about my financial situation,negative
Today was exhausting because mindfully about a recent accomplishment,negative
Today was exhausting because intensely about my financial situation,negative
Today was amazing because deeply about my work progress today,positive
I'm hopeful about consistently about my work progress today,positive
I'm unsure about genuinely about the way I handled stress,neutral
I'm sad about gently about my relationship with others,negative
I'm sad about surprisingly about a change at work,negative
I love spending time mindfully about the weather this morning,positive
I love spending time mindfully about the weather this morning,positive
Feeling drained after steadily about the way I handled stress,negative
I feel overwhelmed by deeply about my financial situation,negative
